bag_timestamp,gps_timestamp_sec,gps_timestamp_nanosec,latitude,longitude,altitude
1.79E+18,1787901743,705874432,12.6507861,80.1399062,15.64598562
1.79E+18,1787901743,955879808,12.6507861,80.1399062,15.63598562
1.79E+18,1787901744,205889536,12.650786,80.1399062,15.61598544
1.79E+18,1787901744,455896448,12.650786,80.1399062,15.63598544
1.79E+18,1787901744,705904128,12.650786,80.1399062,15.64598544
1.79E+18,1787901744,955911040,12.650786,80.1399062,15.66598544
1.79E+18,1787901745,205919744,12.650786,80.1399062,15.66598544
1.79E+18,1787901745,455930752,12.6507859,80.1399062,15.65598526
1.79E+18,1787901745,710938432,12.6507859,80.1399062,15.66598526
1.79E+18,1787901745,955943552,12.6507859,80.1399061,15.65598561
1.79E+18,1787901746,205953024,12.6507859,80.1399061,15.64598561
1.79E+18,1787901746,455959424,12.6507859,80.139906,15.63598596
1.79E+18,1787901746,705969920,12.6507859,80.139906,15.61598596
1.79E+18,1787901746,955979136,12.6507859,80.139906,15.61598596
1.79E+18,1787901747,205986048,12.6507859,80.139906,15.61598596
1.79E+18,1787901747,455993216,12.6507859,80.1399059,15.5959863
1.79E+18,1787901747,710999360,12.6507858,80.139906,15.58598578
1.79E+18,1787901747,956004480,12.6507858,80.139906,15.56598578
1.79E+18,1787901748,206009088,12.6507858,80.139906,15.56598578
1.79E+18,1787901748,456014976,12.6507859,80.139906,15.56598596
1.79E+18,1787901748,706022144,12.650786,80.139906,15.56598614
1.79E+18,1787901748,956030848,12.6507861,80.139906,15.55598631
1.79E+18,1787901749,206038272,12.6507861,80.139906,15.54598631
1.79E+18,1787901749,456047744,12.6507862,80.1399059,15.55598684
1.79E+18,1787901749,706052864,12.6507862,80.1399058,15.55598719
1.79E+18,1787901749,956065152,12.6507862,80.1399058,15.58598719
1.79E+18,1787901750,206074368,12.6507861,80.1399058,15.61598701
1.79E+18,1787901750,456082048,12.6507861,80.1399057,15.64598735
1.79E+18,1787901750,706089472,12.6507861,80.1399056,15.6459877
1.79E+18,1787901750,956096896,12.6507862,80.1399056,15.65598788
1.79E+18,1787901751,206104576,12.6507862,80.1399056,15.65598788
1.79E+18,1787901751,456114048,12.6507863,80.1399056,15.65598806
1.79E+18,1787901751,706123776,12.6507863,80.1399057,15.65598771
1.79E+18,1787901751,956130432,12.6507863,80.1399057,15.65598771
1.79E+18,1787901752,206140416,12.6507863,80.1399057,15.63598771
1.79E+18,1787901752,456147584,12.6507863,80.1399058,15.62598736
1.79E+18,1787901752,706156800,12.6507863,80.1399058,15.65598736
1.79E+18,1787901752,956162432,12.6507864,80.1399059,15.6759872
1.79E+18,1787901753,206167040,12.6507865,80.1399061,15.66598669
1.79E+18,1787901753,456171648,12.6507866,80.1399061,15.64598686
1.79E+18,1787901753,706181632,12.6507866,80.1399061,15.64598686
1.79E+18,1787901753,956189056,12.6507866,80.139906,15.63598721
1.79E+18,1787901754,206200832,12.6507865,80.1399059,15.63598738
1.79E+18,1787901754,456202880,12.6507865,80.1399059,15.62598738
1.79E+18,1787901754,706211072,12.6507864,80.1399059,15.6259872
1.79E+18,1787901754,956220032,12.6507863,80.1399059,15.60598702
1.79E+18,1787901755,206231552,12.6507863,80.1399059,15.58598702
1.79E+18,1787901755,456245888,12.6507862,80.1399059,15.58598684
1.79E+18,1787901755,706253568,12.6507862,80.139906,15.60598649
1.79E+18,1787901755,956262528,12.6507862,80.139906,15.62598649
1.79E+18,1787901756,206266112,12.6507861,80.139906,15.64598631
1.79E+18,1787901756,456272768,12.6507861,80.139906,15.66598631
1.79E+18,1787901756,706277376,12.650786,80.139906,15.65598614
1.79E+18,1787901756,956285312,12.6507859,80.139906,15.65598596
1.79E+18,1787901757,206293760,12.650786,80.139906,15.65598614
1.79E+18,1787901757,456299904,12.650786,80.1399061,15.65598579
1.79E+18,1787901757,706303232,12.650786,80.1399062,15.64598544
1.79E+18,1787901757,956310912,12.650786,80.1399062,15.63598544
1.79E+18,1787901758,206318592,12.650786,80.1399062,15.62598544
1.79E+18,1787901758,456320384,12.6507859,80.1399062,15.60598526
1.79E+18,1787901758,706323456,12.6507858,80.1399062,15.58598508
1.79E+18,1787901758,956329856,12.6507858,80.1399062,15.58598508
1.79E+18,1787901759,206344192,12.6507858,80.1399062,15.58598508
1.79E+18,1787901759,456352896,12.6507858,80.1399062,15.58598508
1.79E+18,1787901759,706357248,12.6507857,80.1399062,15.61598491
1.79E+18,1787901759,956368000,12.6507858,80.1399062,15.62598508
1.79E+18,1787901760,206373120,12.6507859,80.1399062,15.64598526
1.79E+18,1787901760,456381824,12.650786,80.1399062,15.64598544
1.79E+18,1787901760,706394880,12.6507861,80.1399062,15.61598562
1.79E+18,1787901760,956404864,12.6507862,80.1399062,15.5959858
1.79E+18,1787901761,206413312,12.6507867,80.1399062,15.5959867
1.79E+18,1787901761,456423040,12.6507884,80.1399061,15.59599009
1.79E+18,1787901761,706427904,12.6507918,80.1399062,15.58599584
1.79E+18,1787901761,956438912,12.6507967,80.1399062,15.61600462
1.79E+18,1787901762,206445568,12.650803,80.1399062,15.6360159
1.79E+18,1787901762,456454272,12.6508105,80.1399062,15.66602934
1.79E+18,1787901762,706458624,12.650819,80.1399063,15.69604423
1.79E+18,1787901762,956469376,12.6508285,80.1399061,15.68606194
1.79E+18,1787901763,206478080,12.6508389,80.1399061,15.66608057
1.79E+18,1787901763,456479616,12.65085,80.1399061,15.65610046
1.79E+18,1787901763,706492928,12.6508619,80.1399062,15.65612144
1.79E+18,1787901763,956502144,12.6508741,80.1399062,15.65614329
1.79E+18,1787901764,206508288,12.6508856,80.1399062,15.7161639
1.79E+18,1787901764,456515200,12.650896,80.1399062,15.73618253
1.79E+18,1787901764,706520832,12.6509053,80.139906,15.73619988
1.79E+18,1787901764,956529280,12.6509136,80.1399059,15.7262151
1.79E+18,1787901765,206539520,12.6509209,80.1399058,15.69622852
1.79E+18,1787901765,456548224,12.6509271,80.1399058,15.66623963
1.79E+18,1787901765,706556160,12.6509321,80.1399058,15.61624858
1.79E+18,1787901765,956562048,12.6509361,80.139906,15.58625506
1.79E+18,1787901766,206575872,12.6509391,80.1399063,15.57625939
1.79E+18,1787901766,456582528,12.6509415,80.1399065,15.566263
1.79E+18,1787901766,706584832,12.6509435,80.1399066,15.56626624
1.79E+18,1787901766,956595328,12.6509453,80.1399068,15.57626877
1.79E+18,1787901767,206605824,12.6509467,80.1399069,15.57627093
1.79E+18,1787901767,456612480,12.650948,80.139907,15.59627291
1.79E+18,1787901767,706619904,12.6509489,80.139907,15.60627453
1.79E+18,1787901767,956626048,12.6509498,80.139907,15.59627614
1.79E+18,1787901768,206634752,12.6509513,80.1399069,15.57627917
1.79E+18,1787901768,456642944,12.6509533,80.1399067,15.56628344
1.79E+18,1787901768,706648576,12.650956,80.1399067,15.57628828
1.79E+18,1787901768,956658560,12.6509592,80.1399065,15.61629471
1.79E+18,1787901769,206662144,12.650963,80.1399063,15.6363022
1.79E+18,1787901769,456670080,12.6509672,80.1399061,15.61631042
1.79E+18,1787901769,706681344,12.6509718,80.1399059,15.61631935
1.79E+18,1787901769,956682624,12.6509766,80.1399057,15.61632864
1.79E+18,1787901770,206693376,12.6509818,80.1399056,15.6163383
1.79E+18,1787901770,456693888,12.6509872,80.1399055,15.60634832
1.79E+18,1787901770,706702336,12.6509926,80.1399052,15.60635903
1.79E+18,1787901770,956710528,12.6509978,80.1399049,15.62636938
1.79E+18,1787901771,206719232,12.6510037,80.1399044,15.56638168
1.79E+18,1787901771,456726912,12.6510103,80.1399041,15.55639454
1.79E+18,1787901771,706733056,12.6510171,80.139904,15.56640706
1.79E+18,1787901771,956738688,12.6510241,80.1399039,15.56641995
1.79E+18,1787901772,206743808,12.651031,80.1399037,15.586433
1.79E+18,1787901772,456754048,12.6510377,80.1399034,15.59644603
1.79E+18,1787901772,706759424,12.6510438,80.1399032,15.63645765
1.79E+18,1787901772,956767872,12.6510491,80.1399029,15.62646818
1.79E+18,1787901773,206776576,12.6510539,80.1399026,15.61647781
1.79E+18,1787901773,456784256,12.6510581,80.1399023,15.60648637
1.79E+18,1787901773,706788608,12.6510616,80.1399021,15.61649333
1.79E+18,1787901773,956797312,12.6510643,80.1399019,15.62649886
1.79E+18,1787901774,206804480,12.6510664,80.1399019,15.63650262
1.79E+18,1787901774,456815744,12.6510681,80.1399019,15.63650567
1.79E+18,1787901774,706824448,12.6510693,80.1399019,15.63650781
1.79E+18,1787901774,956827520,12.6510702,80.1399019,15.61650943
1.79E+18,1787901775,206838272,12.6510709,80.1399019,15.59651068
1.79E+18,1787901775,456844928,12.6510714,80.1399019,15.60651158
1.79E+18,1787901775,706845440,12.6510718,80.139902,15.60651195
1.79E+18,1787901775,956851584,12.6510721,80.139902,15.61651248
1.79E+18,1787901776,206859264,12.6510724,80.139902,15.62651302
1.79E+18,1787901776,456868736,12.6510727,80.1399021,15.63651321
1.79E+18,1787901776,706876160,12.6510729,80.1399021,15.63651357
1.79E+18,1787901776,956879744,12.651073,80.1399014,15.62651617
1.79E+18,1787901777,206887936,12.6510729,80.1398996,15.65652222
1.79E+18,1787901777,456903552,12.6510728,80.1398966,15.66653241
1.79E+18,1787901777,706915328,12.6510728,80.1398926,15.67654625
1.79E+18,1787901777,956920448,12.6510729,80.1398876,15.71656372
1.79E+18,1787901778,206927104,12.651073,80.1398819,15.75658362
1.79E+18,1787901778,456933248,12.6510731,80.1398755,15.74660593
1.79E+18,1787901778,706935808,12.6510732,80.1398686,15.73662998
1.79E+18,1787901778,956950912,12.6510733,80.1398617,15.77665402
1.79E+18,1787901779,206957056,12.6510732,80.139855,15.80667702
1.79E+18,1787901779,456964224,12.651073,80.1398486,15.82669879
1.79E+18,1787901779,706973440,12.6510728,80.1398423,15.80672022
1.79E+18,1787901779,956979328,12.6510724,80.139836,15.7767413
1.79E+18,1787901780,206984960,12.651072,80.1398297,15.72676237
1.79E+18,1787901780,456995456,12.6510715,80.1398242,15.7067805
1.79E+18,1787901780,706995456,12.651071,80.1398191,15.68679724
1.79E+18,1787901780,957001600,12.6510705,80.1398147,15.66681156
1.79E+18,1787901781,207007744,12.6510702,80.139811,15.64682382
1.79E+18,1787901781,457016448,12.6510698,80.1398079,15.62683383
1.79E+18,1787901781,707020032,12.6510694,80.1398057,15.59684072
1.79E+18,1787901781,957029504,12.651069,80.139804,15.55684588
1.79E+18,1787901782,207037952,12.6510687,80.1398027,15.55684984
1.79E+18,1787901782,457045376,12.6510685,80.1398019,15.54685225
1.79E+18,1787901782,707051264,12.6510685,80.1398015,15.54685363
1.79E+18,1787901782,957055616,12.6510685,80.1398014,15.53685398
1.79E+18,1787901783,207064064,12.6510687,80.1398014,15.52685434
1.79E+18,1787901783,457072768,12.6510689,80.1398015,15.52685435
1.79E+18,1787901783,707083264,12.6510691,80.1398014,15.50685505
1.79E+18,1787901783,957091456,12.6510692,80.1398012,15.48685592
1.79E+18,1787901784,207099904,12.6510691,80.1398008,15.50685713
1.79E+18,1787901784,457106816,12.651069,80.1398004,15.56685833
1.79E+18,1787901784,707113728,12.651069,80.1397999,15.60686006
1.79E+18,1787901784,957122688,12.6510689,80.1397995,15.63686127
1.79E+18,1787901785,207129088,12.6510689,80.1397991,15.66686265
1.79E+18,1787901785,457139328,12.6510687,80.1397987,15.67686367
1.79E+18,1787901785,707148544,12.6510685,80.1397985,15.66686401
1.79E+18,1787901785,957154432,12.6510683,80.1397982,15.65686469
1.79E+18,1787901786,207162112,12.6510682,80.139798,15.6468652
1.79E+18,1787901786,457165440,12.6510682,80.1397978,15.62686589
1.79E+18,1787901786,707174144,12.6510682,80.1397977,15.61686624
1.79E+18,1787901786,957182848,12.6510685,80.1397977,15.61686678
1.79E+18,1787901787,207189504,12.651069,80.1397978,15.61686732
1.79E+18,1787901787,457195136,12.6510695,80.1397982,15.59686684
1.79E+18,1787901787,712202816,12.6510699,80.1397985,15.57686651
1.79E+18,1787901787,957211520,12.6510699,80.1397987,15.56686582
1.79E+18,1787901788,207218432,12.6510698,80.1397987,15.56686564
1.79E+18,1787901788,457225088,12.6510696,80.1397985,15.56686598
1.79E+18,1787901788,707226624,12.6510696,80.1397984,15.56686632
1.79E+18,1787901788,957236096,12.6510696,80.1397982,15.56686702
1.79E+18,1787901789,207242496,12.6510695,80.139798,15.58686753
1.79E+18,1787901789,457250688,12.6510694,80.1397978,15.58686804
1.79E+18,1787901789,707250944,12.6510693,80.1397977,15.58686821
1.79E+18,1787901789,957257856,12.6510693,80.1397977,15.58686821
1.79E+18,1787901790,207265792,12.6510694,80.1397977,15.57686839
1.79E+18,1787901790,457274752,12.6510694,80.1397977,15.58686839
1.79E+18,1787901790,707282944,12.6510694,80.1397977,15.58686839
1.79E+18,1787901790,957290624,12.6510693,80.1397977,15.58686821
1.79E+18,1787901791,207297024,12.6510686,80.1397978,15.60686661
1.79E+18,1787901791,457303936,12.6510673,80.139798,15.62686359
1.79E+18,1787901791,707312640,12.6510655,80.1397983,15.63685933
1.79E+18,1787901791,957320320,12.6510631,80.1397985,15.61685434
1.79E+18,1787901792,207325440,12.6510605,80.1397989,15.5968483
1.79E+18,1787901792,457335936,12.6510574,80.1397993,15.58684137
1.79E+18,1787901792,707336448,12.6510539,80.1397996,15.59683406
1.79E+18,1787901792,957345920,12.6510501,80.1397999,15.60682622
1.79E+18,1787901793,207355392,12.6510459,80.1398001,15.61681801
1.79E+18,1787901793,457365120,12.6510415,80.1398003,15.62680944
1.79E+18,1787901793,707368192,12.6510368,80.1398005,15.64680033
1.79E+18,1787901793,957379200,12.6510319,80.1398008,15.66679052
1.79E+18,1787901794,207388672,12.6510268,80.1398011,15.68678035
1.79E+18,1787901794,457399936,12.6510214,80.1398014,15.68676965
1.79E+18,1787901794,707409664,12.6510158,80.1398017,15.67675858
1.79E+18,1787901794,957416320,12.6510101,80.1398021,15.66674699
1.79E+18,1787901795,207425792,12.6510047,80.1398025,15.67673594
1.79E+18,1787901795,457433984,12.6509996,80.139803,15.68672508
1.79E+18,1787901795,707439104,12.6509951,80.1398033,15.67671598
1.79E+18,1787901795,957447040,12.650991,80.1398036,15.6667076
1.79E+18,1787901796,207452928,12.6509872,80.1398039,15.66669976
1.79E+18,1787901796,457458048,12.6509836,80.1398042,15.67669228
1.79E+18,1787901796,707466240,12.6509799,80.1398045,15.68668462
1.79E+18,1787901796,957473408,12.6509762,80.1398049,15.68667661
1.79E+18,1787901797,207479552,12.6509724,80.1398052,15.67666876
1.79E+18,1787901797,457483648,12.6509687,80.1398054,15.66666145
1.79E+18,1787901797,707489024,12.6509648,80.1398055,15.64665412
1.79E+18,1787901797,957496192,12.6509608,80.1398056,15.63664661
1.79E+18,1787901798,207505920,12.6509567,80.1398058,15.62663857
1.79E+18,1787901798,457515136,12.6509524,80.139806,15.61663018
1.79E+18,1787901798,707520256,12.650948,80.1398063,15.61662126
1.79E+18,1787901798,957527680,12.6509435,80.1398066,15.60661217
1.79E+18,1787901799,207537408,12.650939,80.1398069,15.59660307
1.79E+18,1787901799,457546624,12.6509343,80.1398072,15.60659362
1.79E+18,1787901799,707562496,12.6509297,80.1398075,15.61658434
1.79E+18,1787901799,957569664,12.650925,80.1398078,15.61657489
1.79E+18,1787901800,207573248,12.6509202,80.1398082,15.62656491
1.79E+18,1787901800,457579648,12.6509154,80.1398086,15.63655492
1.79E+18,1787901800,712589632,12.6509104,80.1398089,15.63654493
1.79E+18,1787901800,957595264,12.6509056,80.1398092,15.6465353
1.79E+18,1787901801,207604736,12.6509007,80.1398096,15.65652514
1.79E+18,1787901801,457613184,12.6508962,80.13981,15.6365157
1.79E+18,1787901801,707619072,12.6508921,80.1398103,15.63650731
1.79E+18,1787901801,957624448,12.6508884,80.1398106,15.62649965
1.79E+18,1787901802,207632128,12.6508852,80.1398108,15.61649323
1.79E+18,1787901802,457637248,12.6508822,80.1398109,15.60648751
1.79E+18,1787901802,707646976,12.6508796,80.139811,15.6064825
1.79E+18,1787901802,957654144,12.6508771,80.1398111,15.60647768
1.79E+18,1787901803,207658240,12.6508753,80.1398112,15.60647411
1.79E+18,1787901803,457668224,12.650874,80.1398113,15.61647144
1.79E+18,1787901803,707672064,12.6508731,80.1398114,15.63646948
1.79E+18,1787901803,957679744,12.6508726,80.1398115,15.63646824
1.79E+18,1787901804,207685632,12.6508723,80.1398115,15.6464677
1.79E+18,1787901804,457697664,12.6508721,80.1398115,15.65646734
1.79E+18,1787901804,712704832,12.650872,80.1398115,15.65646716
1.79E+18,1787901804,957712256,12.6508718,80.1398116,15.65646646
1.79E+18,1787901805,207720448,12.6508717,80.1398123,15.63646386
1.79E+18,1787901805,457726848,12.6508716,80.1398135,15.59645953
1.79E+18,1787901805,707726592,12.6508714,80.1398156,15.5664519
1.79E+18,1787901805,957734784,12.6508713,80.1398182,15.55644273
1.79E+18,1787901806,207742976,12.6508713,80.1398215,15.54643131
1.79E+18,1787901806,457747584,12.6508715,80.1398253,15.54641853
1.79E+18,1787901806,707751680,12.6508716,80.1398298,15.54640314
1.79E+18,1787901806,957756032,12.6508718,80.1398347,15.55638654
1.79E+18,1787901807,207763200,12.6508722,80.1398398,15.56636962
1.79E+18,1787901807,457766528,12.6508725,80.1398451,15.57635182
1.79E+18,1787901807,707779072,12.6508727,80.1398503,15.57633419
1.79E+18,1787901807,957787776,12.650873,80.1398553,15.57631742
1.79E+18,1787901808,207796224,12.6508732,80.1398597,15.56630256
1.79E+18,1787901808,457804672,12.6508734,80.1398637,15.56628908
1.79E+18,1787901808,707814144,12.6508735,80.139867,15.55627784
1.79E+18,1787901808,957825408,12.6508735,80.13987,15.55626746
1.79E+18,1787901809,207832064,12.6508735,80.1398723,15.56625951
1.79E+18,1787901809,457837952,12.6508734,80.1398741,15.5662531
1.79E+18,1787901809,707840512,12.6508734,80.1398752,15.59624929
1.79E+18,1787901809,957847168,12.6508733,80.1398761,15.626246
1.79E+18,1787901810,207852544,12.6508732,80.1398771,15.65624236
1.79E+18,1787901810,457860224,12.650873,80.1398782,15.6862382
1.79E+18,1787901810,707864832,12.650873,80.1398795,15.6962337
1.79E+18,1787901810,957878912,12.650873,80.1398809,15.69622886
1.79E+18,1787901811,207886592,12.650873,80.1398822,15.69622436
1.79E+18,1787901811,457895552,12.6508731,80.1398833,15.67622073
1.79E+18,1787901811,707905792,12.6508732,80.1398843,15.65621745
1.79E+18,1787901811,957916032,12.6508733,80.1398852,15.65621452
1.79E+18,1787901812,207921920,12.6508735,80.1398858,15.6662128
1.79E+18,1787901812,457930368,12.6508737,80.1398862,15.67621177
1.79E+18,1787901812,707939584,12.6508738,80.1398865,15.68621091
1.79E+18,1787901812,957948800,12.6508739,80.1398868,15.69621006
1.79E+18,1787901813,207959296,12.6508739,80.1398871,15.69620902
1.79E+18,1787901813,457967488,12.6508738,80.1398872,15.66620849
1.79E+18,1787901813,707960064,12.6508738,80.1398873,15.66620815
1.79E+18,1787901813,957966720,12.6508738,80.1398874,15.6862078
1.79E+18,1787901814,207974656,12.6508737,80.1398876,15.70620693
1.79E+18,1787901814,457984640,12.6508736,80.1398877,15.6962064
1.79E+18,1787901814,707991808,12.6508736,80.1398878,15.67620606
1.79E+18,1787901814,957994112,12.6508736,80.1398878,15.63620606
1.79E+18,1787901815,208000512,12.6508735,80.1398878,15.60620588
1.79E+18,1787901815,458009216,12.6508735,80.1398877,15.57620623
1.79E+18,1787901815,708012288,12.6508734,80.1398878,15.5762057
1.79E+18,1787901815,958018944,12.6508733,80.1398877,15.58620587
1.79E+18,1787901816,208024576,12.6508733,80.1398876,15.60620621
1.79E+18,1787901816,458033536,12.6508732,80.1398877,15.63620569
1.79E+18,1787901816,708047616,12.6508732,80.1398883,15.66620361
1.79E+18,1787901816,958053760,12.6508732,80.1398897,15.67619877
1.79E+18,1787901817,208061440,12.6508732,80.1398916,15.68619219
1.79E+18,1787901817,458070144,12.6508732,80.1398938,15.69618458
1.79E+18,1787901817,708075520,12.6508732,80.1398958,15.67617766
1.79E+18,1787901817,958082944,12.6508734,80.1398976,15.65617179
1.79E+18,1787901818,208093440,12.6508736,80.1398992,15.64616662
1.79E+18,1787901818,458102144,12.6508739,80.1399007,15.62616196
1.79E+18,1787901818,708114432,12.6508741,80.1399016,15.61615921
1.79E+18,1787901818,958120832,12.6508744,80.1399023,15.63615732
1.79E+18,1787901819,208127744,12.6508746,80.1399026,15.64615664
1.79E+18,1787901819,458134912,12.6508749,80.1399029,15.66615614
1.79E+18,1787901819,708143616,12.6508758,80.1399032,15.66615672
1.79E+18,1787901819,958151040,12.6508781,80.1399033,15.63616049
1.79E+18,1787901820,208157696,12.6508821,80.1399033,15.63616766
1.79E+18,1787901820,458167168,12.6508874,80.1399032,15.6561775
1.79E+18,1787901820,708177152,12.650894,80.139903,15.67619002
1.79E+18,1787901820,958185600,12.6509018,80.1399026,15.69620537
1.79E+18,1787901821,208196352,12.6509107,80.1399021,15.67622305
1.79E+18,1787901821,458204800,12.6509206,80.1399015,15.64624286
1.79E+18,1787901821,708214784,12.6509314,80.1399009,15.62626428
1.79E+18,1787901821,958227328,12.6509429,80.1399003,15.62628696
1.79E+18,1787901822,208231680,12.6509551,80.1398997,15.62631089
1.79E+18,1787901822,458236032,12.6509679,80.1398992,15.63633554
1.79E+18,1787901822,708241152,12.6509813,80.1398988,15.63636093
1.79E+18,1787901822,958249856,12.650995,80.1398983,15.6563872
1.79E+18,1787901823,208259328,12.6510092,80.1398976,15.67641505
1.79E+18,1787901823,458270080,12.6510237,80.139897,15.6964431
1.79E+18,1787901823,708276992,12.6510385,80.1398962,15.70647237
1.79E+18,1787901823,958283392,12.6510536,80.1398953,15.70650253
1.79E+18,1787901824,208293632,12.651069,80.1398942,15.71653391
1.79E+18,1787901824,458303104,12.6510847,80.1398931,15.70656583
1.79E+18,1787901824,708314368,12.6511006,80.1398919,15.69659845
1.79E+18,1787901824,958322816,12.6511166,80.1398908,15.68663091
1.79E+18,1787901825,208329472,12.6511327,80.1398897,15.67666354
1.79E+18,1787901825,458341504,12.651149,80.1398886,15.66669653
1.79E+18,1787901825,708355584,12.6511655,80.1398873,15.69673057
1.79E+18,1787901825,958364800,12.651182,80.1398859,15.71676496
1.79E+18,1787901826,208372480,12.6511987,80.1398845,15.7467997
1.79E+18,1787901826,458381440,12.6512155,80.139883,15.75683496
1.79E+18,1787901826,708389632,12.6512325,80.1398814,15.74687093
1.79E+18,1787901826,958396800,12.6512496,80.1398799,15.72690673
1.79E+18,1787901827,208403712,12.6512667,80.1398784,15.68694252
1.79E+18,1787901827,458412672,12.6512839,80.139877,15.66697815
1.79E+18,1787901827,708418560,12.6513012,80.1398756,15.64701396
1.79E+18,1787901827,958428032,12.6513185,80.1398743,15.62704942
1.79E+18,1787901828,208433408,12.6513359,80.139873,15.62708506
1.79E+18,1787901828,458443904,12.6513532,80.1398718,15.60712017
1.79E+18,1787901828,708452352,12.6513706,80.1398705,15.58715581
1.79E+18,1787901828,958461568,12.651388,80.1398694,15.56719075
1.79E+18,1787901829,208466176,12.6514055,80.1398682,15.54722622
1.79E+18,1787901829,458478208,12.651423,80.1398671,15.56726134
1.79E+18,1787901829,708485120,12.6514407,80.1398659,15.60729716
1.79E+18,1787901829,958491264,12.6514583,80.1398648,15.61733245
1.79E+18,1787901830,208495872,12.651476,80.1398637,15.62736793
1.79E+18,1787901830,458506368,12.6514938,80.1398626,15.64740358
1.79E+18,1787901830,708517376,12.6515116,80.1398615,15.67743923
1.79E+18,1787901830,958523520,12.6515295,80.1398604,15.64747505
1.79E+18,1787901831,208534784,12.6515473,80.1398593,15.6475107
1.79E+18,1787901831,458543232,12.6515651,80.1398583,15.647546
1.79E+18,1787901831,708551936,12.6515827,80.1398572,15.64758129
1.79E+18,1787901831,958557056,12.6516004,80.139856,15.6376171
1.79E+18,1787901832,208564224,12.6516181,80.1398547,15.61765325
1.79E+18,1787901832,458574720,12.6516358,80.1398533,15.60768975
1.79E+18,1787901832,708581632,12.6516535,80.1398518,15.56772659
1.79E+18,1787901832,958592128,12.6516712,80.1398504,15.52776309
1.79E+18,1787901833,208599552,12.6516888,80.1398489,15.52779975
1.79E+18,1787901833,458606976,12.6517064,80.1398473,15.49783675
1.79E+18,1787901833,708612352,12.6517241,80.1398458,15.44787359
1.79E+18,1787901833,958618496,12.6517418,80.1398443,15.40791043
1.79E+18,1787901834,208624128,12.6517597,80.1398429,15.38794727
1.79E+18,1787901834,458634112,12.6517776,80.1398415,15.35798412
1.79E+18,1787901834,708641536,12.6517955,80.1398403,15.36802027
1.79E+18,1787901834,958655360,12.6518135,80.1398392,15.39805626
1.79E+18,1787901835,208664064,12.6518316,80.1398382,15.39809207
1.79E+18,1787901835,458672000,12.6518497,80.1398373,15.43812754
1.79E+18,1787901835,708687360,12.6518676,80.1398363,15.468163
1.79E+18,1787901835,958694528,12.6518856,80.1398355,15.53819794
1.79E+18,1787901836,208704768,12.6519034,80.1398346,15.59823287
1.79E+18,1787901836,458715264,12.6519214,80.1398337,15.61826816
1.79E+18,1787901836,708725248,12.6519394,80.1398328,15.60830345
1.79E+18,1787901836,958736768,12.6519574,80.1398319,15.59833873
1.79E+18,1787901837,208740864,12.6519753,80.139831,15.58837383
1.79E+18,1787901837,458749312,12.6519932,80.1398301,15.55840894
1.79E+18,1787901837,708758784,12.6520111,80.1398292,15.52844404
1.79E+18,1787901837,958766464,12.652029,80.1398283,15.51847914
1.79E+18,1787901838,208776704,12.652047,80.1398273,15.50851476
1.79E+18,1787901838,458792064,12.652065,80.1398262,15.49855073
1.79E+18,1787901838,708803840,12.652083,80.1398251,15.48858669
1.79E+18,1787901838,958811520,12.6521009,80.1398241,15.47862213
1.79E+18,1787901839,208819968,12.6521188,80.1398233,15.44865688
1.79E+18,1787901839,458836096,12.6521368,80.1398225,15.45869181
1.79E+18,1787901839,708839936,12.6521547,80.139822,15.46872551
1.79E+18,1787901839,958846080,12.6521727,80.1398214,15.45875975
1.79E+18,1787901840,208854528,12.6521907,80.1398209,15.49879363
1.79E+18,1787901840,458863488,12.6522085,80.1398204,15.49882716
1.79E+18,1787901840,708861184,12.6522264,80.1398199,15.49886087
1.79E+18,1787901840,958870656,12.6522443,80.1398194,15.52889457
1.79E+18,1787901841,208877056,12.6522621,80.139819,15.51892775
1.79E+18,1787901841,458883968,12.65228,80.1398185,15.53896145
1.79E+18,1787901841,708890112,12.652298,80.1398181,15.54899498
1.79E+18,1787901841,958897536,12.652316,80.1398176,15.55902886
1.79E+18,1787901842,208907008,12.6523341,80.1398172,15.56906257
1.79E+18,1787901842,458917248,12.6523521,80.1398167,15.55909644
1.79E+18,1787901842,708926976,12.6523702,80.1398162,15.5291305
1.79E+18,1787901842,958939776,12.6523882,80.1398158,15.54916402
1.79E+18,1787901843,208947456,12.6524061,80.1398153,15.54919772
1.79E+18,1787901843,458954112,12.652424,80.1398149,15.54923106
1.79E+18,1787901843,708962048,12.652442,80.1398144,15.55926493
1.79E+18,1787901843,958968448,12.6524598,80.1398138,15.57929879
1.79E+18,1787901844,208976128,12.6524777,80.1398132,15.58933282
1.79E+18,1787901844,458983296,12.6524956,80.1398125,15.5793672
1.79E+18,1787901844,708992512,12.6525136,80.1398118,15.57940175
1.79E+18,1787901844,958999680,12.6525315,80.1398112,15.58943578
1.79E+18,1787901845,209005312,12.6525496,80.1398106,15.59947017
1.79E+18,1787901845,459016320,12.6525675,80.1398101,15.62950385
1.79E+18,1787901845,709029632,12.6525855,80.1398097,15.62953736
1.79E+18,1787901845,959037568,12.6526034,80.1398091,15.60957139
1.79E+18,1787901846,209044224,12.6526215,80.1398085,15.59960577
1.79E+18,1787901846,459055744,12.6526395,80.139808,15.60963962
1.79E+18,1787901846,709060096,12.6526574,80.1398075,15.6296733
1.79E+18,1787901846,959067520,12.6526753,80.139807,15.66970698
1.79E+18,1787901847,209070336,12.6526932,80.1398065,15.67974065
1.79E+18,1787901847,459078272,12.6527111,80.139806,15.65977432
1.79E+18,1787901847,709084928,12.652729,80.1398054,15.65980834
1.79E+18,1787901847,959094912,12.6527469,80.1398048,15.67984235
1.79E+18,1787901848,209102080,12.6527648,80.1398042,15.69987637
1.79E+18,1787901848,459107968,12.6527829,80.1398035,15.70991108
1.79E+18,1787901848,709112576,12.6528009,80.1398028,15.71994562
1.79E+18,1787901848,959120768,12.6528189,80.1398021,15.71998015
1.79E+18,1787901849,209128960,12.6528368,80.1398012,15.71001519
1.79E+18,1787901849,459136128,12.6528547,80.1398001,15.68005093
1.79E+18,1787901849,709150464,12.6528725,80.1397983,15.67008889
1.79E+18,1787901849,959159424,12.6528899,80.1397957,15.66012891
1.79E+18,1787901850,209167616,12.6529069,80.1397923,15.66017096
1.79E+18,1787901850,459174272,12.6529236,80.139788,15.67021559
1.79E+18,1787901850,709175296,12.6529399,80.1397828,15.6702626
1.79E+18,1787901850,959185024,12.6529557,80.139777,15.69031079
1.79E+18,1787901851,209194496,12.652971,80.1397703,15.72036119
1.79E+18,1787901851,459201920,12.652986,80.1397628,15.72041381
1.79E+18,1787901851,709212160,12.6530007,80.1397546,15.74046831
1.79E+18,1787901851,959218816,12.6530152,80.1397459,15.76052417
1.79E+18,1787901852,209225472,12.6530296,80.1397366,15.79058192
1.79E+18,1787901852,459232384,12.6530437,80.139727,15.83064017
1.79E+18,1787901852,709238784,12.6530577,80.139717,15.85069962
1.79E+18,1787901852,959246720,12.6530713,80.1397066,15.88075973
1.79E+18,1787901853,209253632,12.6530847,80.1396958,15.87082086
1.79E+18,1787901853,459257216,12.653098,80.1396846,15.88088319
1.79E+18,1787901853,709257216,12.6531111,80.1396731,15.8909462
1.79E+18,1787901853,959263616,12.6531242,80.1396614,15.90100989
1.79E+18,1787901854,209273856,12.6531373,80.1396496,15.91107392
1.79E+18,1787901854,459282304,12.6531503,80.1396376,15.87113846
1.79E+18,1787901854,709287680,12.6531632,80.1396255,15.84120317
1.79E+18,1787901854,959296384,12.653176,80.1396132,15.81126838
1.79E+18,1787901855,209304576,12.6531888,80.1396009,15.7513336
1.79E+18,1787901855,459312256,12.6532016,80.1395884,15.74139949
1.79E+18,1787901855,709312256,12.6532142,80.1395758,15.73146538
1.79E+18,1787901855,959316352,12.6532269,80.139563,15.71153213
1.79E+18,1787901856,209322496,12.6532395,80.1395503,15.72159835
1.79E+18,1787901856,459331456,12.6532521,80.1395376,15.70166457
1.79E+18,1787901856,709338624,12.6532647,80.139525,15.72173044
1.79E+18,1787901856,959344768,12.6532773,80.1395124,15.74179631
1.79E+18,1787901857,209350656,12.6532899,80.1394997,15.72186253
1.79E+18,1787901857,459360128,12.6533024,80.1394868,15.70192925
1.79E+18,1787901857,709372160,12.6533149,80.1394738,15.69199631
1.79E+18,1787901857,959380608,12.6533271,80.1394606,15.70206352
1.79E+18,1787901858,209387520,12.6533393,80.1394474,15.69213073
1.79E+18,1787901858,459395200,12.6533514,80.1394341,15.66219811
1.79E+18,1787901858,709409792,12.6533635,80.139421,15.67226479
1.79E+18,1787901858,959419008,12.6533757,80.1394079,15.68233165
1.79E+18,1787901859,209420288,12.653388,80.1393947,15.70239902
1.79E+18,1787901859,459430016,12.6534002,80.1393814,15.69246656
1.79E+18,1787901859,709435904,12.6534126,80.139368,15.6925348
1.79E+18,1787901859,959438464,12.6534251,80.1393546,15.71260322
1.79E+18,1787901860,209442816,12.6534375,80.1393413,15.70267111
1.79E+18,1787901860,459450752,12.6534499,80.139328,15.71273899
1.79E+18,1787901860,709458176,12.6534624,80.1393147,15.72280705
1.79E+18,1787901860,959464576,12.6534749,80.1393014,15.74287511
1.79E+18,1787901861,209470464,12.6534872,80.139288,15.74294315
1.79E+18,1787901861,459480448,12.6534995,80.1392746,15.67301119
1.79E+18,1787901861,709487360,12.6535119,80.1392613,15.62307906
1.79E+18,1787901861,959491968,12.6535243,80.139248,15.63314693
1.79E+18,1787901862,209501696,12.6535367,80.1392348,15.70321445
1.79E+18,1787901862,459506304,12.653549,80.1392217,15.68328145
1.79E+18,1787901862,709513984,12.6535615,80.1392088,15.60334811
1.79E+18,1787901862,959519616,12.6535741,80.1391958,15.57341528
1.79E+18,1787901863,209525248,12.6535867,80.1391827,15.5934828
1.79E+18,1787901863,459532928,12.6535993,80.1391696,15.60355032
1.79E+18,1787901863,709543168,12.6536119,80.1391563,15.60361852
1.79E+18,1787901863,959552384,12.6536244,80.1391428,15.61368724
1.79E+18,1787901864,209558528,12.6536369,80.1391294,15.6237556
1.79E+18,1787901864,459566208,12.6536493,80.1391158,15.69382447
1.79E+18,1787901864,709571328,12.6536616,80.1391021,15.72389351
1.79E+18,1787901864,959578752,12.6536741,80.1390885,15.66396255
1.79E+18,1787901865,209586176,12.6536864,80.139075,15.63403089
1.79E+18,1787901865,459597440,12.6536988,80.1390614,15.60409975
1.79E+18,1787901865,714604864,12.6537115,80.1390477,15.59416948
1.79E+18,1787901865,959613056,12.6537238,80.1390347,15.54423609
1.79E+18,1787901866,209618176,12.6537362,80.1390215,15.55430357
1.79E+18,1787901866,459623040,12.6537485,80.1390084,15.56437051
1.79E+18,1787901866,709629952,12.6537607,80.1389954,15.65443694
1.79E+18,1787901866,959642752,12.653773,80.1389825,15.68450319
1.79E+18,1787901867,209658112,12.6537853,80.1389695,15.60456979
1.79E+18,1787901867,459666048,12.6537974,80.1389561,15.5846374
1.79E+18,1787901867,709680640,12.6538095,80.1389426,15.57470536
1.79E+18,1787901867,959689088,12.6538217,80.1389291,15.58477349
1.79E+18,1787901868,209694464,12.653834,80.1389156,15.64484179
1.79E+18,1787901868,459703424,12.6538465,80.1389021,15.70491045
1.79E+18,1787901868,709711360,12.6538592,80.1388889,15.77497843
1.79E+18,1787901868,959720320,12.6538719,80.1388756,15.78504675
1.79E+18,1787901869,209730048,12.6538843,80.1388622,15.73511487
1.79E+18,1787901869,459736960,12.6538967,80.1388487,15.68518334
1.79E+18,1787901869,709746432,12.653909,80.138835,15.68525232
1.79E+18,1787901869,959756416,12.6539212,80.1388214,15.65532077
1.79E+18,1787901870,209763072,12.6539333,80.1388078,15.64538904
1.79E+18,1787901870,459769472,12.6539453,80.1387943,15.66545678
1.79E+18,1787901870,714782272,12.6539576,80.1387806,15.65552575
1.79E+18,1787901870,959788928,12.6539694,80.1387675,15.64559175
1.79E+18,1787901871,209794048,12.6539816,80.1387541,15.6756595
1.79E+18,1787901871,459809408,12.6539937,80.1387405,15.71572776
1.79E+18,1787901871,709815296,12.6540058,80.1387268,15.73579635
1.79E+18,1787901871,959822976,12.6540179,80.1387132,15.7258646
1.79E+18,1787901872,209829888,12.6540297,80.1386995,15.72593266
1.79E+18,1787901872,459838080,12.6540411,80.1386857,15.70600035
1.79E+18,1787901872,709845760,12.6540523,80.1386715,15.67606906
1.79E+18,1787901872,959852672,12.6540631,80.1386571,15.64613774
1.79E+18,1787901873,209867776,12.6540735,80.1386424,15.65620674
1.79E+18,1787901873,459879552,12.6540837,80.1386276,15.64627573
1.79E+18,1787901873,709883392,12.6540934,80.1386125,15.67634486
1.79E+18,1787901873,959893120,12.6541028,80.1385972,15.70641414
1.79E+18,1787901874,209903360,12.6541119,80.1385814,15.70648461
1.79E+18,1787901874,459911808,12.6541207,80.1385655,15.69655488
1.79E+18,1787901874,709918720,12.6541293,80.1385496,15.6866248
1.79E+18,1787901874,959933824,12.6541377,80.1385337,15.68669436
1.79E+18,1787901875,209938944,12.6541459,80.1385178,15.67676356
1.79E+18,1787901875,459942784,12.654154,80.1385016,15.67683361
1.79E+18,1787901875,709948416,12.6541617,80.1384854,15.72690295
1.79E+18,1787901875,959954048,12.6541692,80.1384689,15.74697297
1.79E+18,1787901876,209962752,12.6541766,80.1384523,15.74704315
1.79E+18,1787901876,459966848,12.6541836,80.1384356,15.73711296
1.79E+18,1787901876,709970688,12.6541904,80.1384189,15.71718241
1.79E+18,1787901876,959977088,12.6541969,80.138402,15.70725202
1.79E+18,1787901877,209985024,12.6542033,80.1383851,15.74732145
1.79E+18,1787901877,459993728,12.6542094,80.1383683,15.80739
1.79E+18,1787901877,710000384,12.6542149,80.1383524,15.87745439
1.79E+18,1787901877,960013440,12.65422,80.1383377,15.89751395
1.79E+18,1787901878,210015232,12.6542246,80.1383245,15.86756746
1.79E+18,1787901878,460026240,12.6542289,80.1383126,15.81761597
1.79E+18,1787901878,710029568,12.6542326,80.1383021,15.75765861
1.79E+18,1787901878,960044160,12.6542356,80.1382931,15.69769485
1.79E+18,1787901879,210051840,12.6542383,80.1382856,15.60772541
1.79E+18,1787901879,460060032,12.6542405,80.1382786,15.51775336
1.79E+18,1787901879,710071296,12.6542423,80.1382719,15.44777957
1.79E+18,1787901879,960078720,12.6542437,80.1382652,15.39780507
1.79E+18,1787901880,210085376,12.6542449,80.1382578,15.37783263
1.79E+18,1787901880,460094080,12.6542458,80.1382495,15.37786274
1.79E+18,1787901880,710099200,12.6542466,80.1382403,15.44789577
1.79E+18,1787901880,960104576,12.6542475,80.1382304,15.52793138
1.79E+18,1787901881,210113792,12.6542481,80.1382198,15.59796886
1.79E+18,1787901881,460121216,12.6542487,80.1382088,15.66800772
1.79E+18,1787901881,710126848,12.6542492,80.1381984,15.74804433
1.79E+18,1787901881,960135808,12.6542497,80.138189,15.79807752
1.79E+18,1787901882,210145536,12.6542512,80.1381802,15.77811041
1.79E+18,1787901882,460152960,12.6542542,80.1381724,15.72814252
1.79E+18,1787901882,710160896,12.6542583,80.1381653,15.67817417
1.79E+18,1787901882,960168576,12.6542624,80.1381592,15.66820239
1.79E+18,1787901883,210177536,12.6542661,80.1381537,15.65822784
1.79E+18,1787901883,460188800,12.6542695,80.1381488,15.6282507
1.79E+18,1787901883,710192384,12.6542725,80.1381444,15.59827113
1.79E+18,1787901883,960202624,12.6542755,80.1381405,15.54828984
1.79E+18,1787901884,210215168,12.6542792,80.138137,15.52830842
1.79E+18,1787901884,460221056,12.6542838,80.1381338,15.49832756
1.79E+18,1787901884,715227968,12.6542897,80.1381307,15.49834865
1.79E+18,1787901884,960242304,12.6542965,80.1381277,15.528371
1.79E+18,1787901885,210256384,12.6543033,80.1381249,15.61839266
1.79E+18,1787901885,460267904,12.6543095,80.1381222,15.62841292
1.79E+18,1787901885,710278912,12.654315,80.1381199,15.62843056
1.79E+18,1787901885,960292992,12.6543201,80.1381184,15.62844474
1.79E+18,1787901886,210299904,12.6543248,80.138118,15.60845444
1.79E+18,1787901886,460310656,12.6543292,80.1381197,15.56845639
1.79E+18,1787901886,710318080,12.6543334,80.1381226,15.52845387
1.79E+18,1787901886,960322432,12.654337,80.1381261,15.54844822
1.79E+18,1787901887,210332672,12.6543402,80.1381294,15.57844255
1.79E+18,1787901887,460342912,12.6543428,80.1381321,15.60843788
1.79E+18,1787901887,710354944,12.6543451,80.1381344,15.60843406
1.79E+18,1787901887,960366720,12.6543472,80.1381362,15.62843159
1.79E+18,1787901888,210375168,12.654349,80.1381375,15.63843031
1.79E+18,1787901888,460387712,12.6543504,80.1381383,15.60843005
1.79E+18,1787901888,710401024,12.6543514,80.1381387,15.58843044
1.79E+18,1787901888,960409728,12.654352,80.1381388,15.58843116
1.79E+18,1787901889,210420224,12.6543524,80.1381388,15.58843187
1.79E+18,1787901889,460424832,12.6543527,80.1381388,15.5884324
1.79E+18,1787901889,710432768,12.654353,80.1381389,15.58843259
1.79E+18,1787901889,960443520,12.6543534,80.138139,15.57843295
1.79E+18,1787901890,210459392,12.6543537,80.138139,15.56843349
1.79E+18,1787901890,460470656,12.654354,80.138139,15.56843402
1.79E+18,1787901890,710479104,12.6543542,80.1381392,15.59843368
1.79E+18,1787901890,960489600,12.6543544,80.1381394,15.61843335
1.79E+18,1787901891,210498560,12.6543545,80.1381396,15.62843284
1.79E+18,1787901891,460505984,12.6543546,80.1381396,15.62843302
1.79E+18,1787901891,710508800,12.6543546,80.1381397,15.62843267
1.79E+18,1787901891,960516224,12.6543547,80.1381397,15.61843285
1.79E+18,1787901892,210519296,12.6543547,80.1381398,15.62843251
1.79E+18,1787901892,460525696,12.6543547,80.1381398,15.66843251
1.79E+18,1787901892,715532608,12.6543547,80.1381398,15.67843251
1.79E+18,1787901892,960542336,12.6543546,80.1381398,15.66843233
1.79E+18,1787901893,210553344,12.6543545,80.1381398,15.66843215
1.79E+18,1787901893,460563328,12.6543543,80.1381398,15.6784318
1.79E+18,1787901893,710567424,12.6543541,80.1381398,15.69843145
1.79E+18,1787901893,960574848,12.654354,80.1381398,15.69843127
1.79E+18,1787901894,210589952,12.654354,80.1381397,15.67843161
1.79E+18,1787901894,460602496,12.654354,80.1381396,15.64843196
1.79E+18,1787901894,710609152,12.654354,80.1381394,15.63843264
1.79E+18,1787901894,960616320,12.654354,80.1381392,15.64843333
1.79E+18,1787901895,210627584,12.6543539,80.1381391,15.6684335
1.79E+18,1787901895,460632704,12.654354,80.138139,15.67843402
1.79E+18,1787901895,715641664,12.654354,80.1381389,15.69843436
1.79E+18,1787901895,960649600,12.6543542,80.1381389,15.67843471
1.79E+18,1787901896,210651648,12.6543544,80.1381389,15.67843507
1.79E+18,1787901896,460655488,12.6543546,80.1381389,15.69843542
1.79E+18,1787901896,710665216,12.6543548,80.1381389,15.70843578
1.79E+18,1787901896,960669568,12.6543549,80.138139,15.68843561
1.79E+18,1787901897,210676480,12.6543549,80.1381391,15.62843527
1.79E+18,1787901897,460686976,12.654355,80.1381392,15.5784351
1.79E+18,1787901897,710696448,12.654355,80.1381392,15.5684351
1.79E+18,1787901897,960705664,12.654355,80.1381393,15.58843476
1.79E+18,1787901898,210712064,12.6543551,80.1381393,15.61843493
1.79E+18,1787901898,460720256,12.6543552,80.1381393,15.65843511
1.79E+18,1787901898,710732288,12.6543553,80.1381393,15.68843529
1.79E+18,1787901898,960743552,12.6543554,80.1381393,15.71843547
1.79E+18,1787901899,210754048,12.6543554,80.1381393,15.72843547
1.79E+18,1787901899,460762752,12.6543554,80.1381394,15.73843512
1.79E+18,1787901899,710774272,12.6543554,80.1381394,15.74843512
1.79E+18,1787901899,960782976,12.6543553,80.1381394,15.75843494
1.79E+18,1787901900,210791680,12.6543551,80.1381394,15.75843459
1.79E+18,1787901900,460799872,12.654355,80.1381394,15.75843441
1.79E+18,1787901900,710811392,12.6543549,80.1381395,15.72843389
1.79E+18,1787901900,960821888,12.6543548,80.1381395,15.70843372
1.79E+18,1787901901,210831104,12.6543547,80.1381395,15.69843354
1.79E+18,1787901901,460837248,12.6543546,80.1381395,15.68843336
1.79E+18,1787901901,710839040,12.6543546,80.1381396,15.68843302
1.79E+18,1787901901,960851072,12.6543545,80.1381396,15.68843284
1.79E+18,1787901902,210857728,12.6543544,80.1381396,15.68843266
1.79E+18,1787901902,460864128,12.6543543,80.1381396,15.67843249
1.79E+18,1787901902,710875648,12.6543542,80.1381396,15.64843231
1.79E+18,1787901902,960879744,12.654354,80.1381394,15.60843264
1.79E+18,1787901903,210883072,12.6543538,80.1381393,15.57843263
1.79E+18,1787901903,460889472,12.6543537,80.1381391,15.56843314
1.79E+18,1787901903,710904064,12.6543537,80.1381391,15.55843314
1.79E+18,1787901903,960912000,12.6543537,80.1381391,15.57843314
1.79E+18,1787901904,210919168,12.6543537,80.1381391,15.58843314
1.79E+18,1787901904,460925056,12.6543538,80.1381391,15.61843332
1.79E+18,1787901904,710932480,12.6543538,80.138139,15.63843366
1.79E+18,1787901904,960943232,12.6543538,80.138139,15.66843366
1.79E+18,1787901905,210953216,12.6543539,80.1381389,15.69843418
1.79E+18,1787901905,460965504,12.6543541,80.138139,15.70843419
1.79E+18,1787901905,710975488,12.6543542,80.138139,15.71843437
1.79E+18,1787901905,960980864,12.6543543,80.138139,15.72843455
1.79E+18,1787901906,210988544,12.6543544,80.138139,15.69843472
1.79E+18,1787901906,461000576,12.6543545,80.138139,15.6784349
1.79E+18,1787901906,711008512,12.6543545,80.1381389,15.65843525
1.79E+18,1787901906,961016448,12.6543545,80.1381389,15.65843525
1.79E+18,1787901907,211027968,12.6543545,80.1381388,15.66843559
1.79E+18,1787901907,461037184,12.6543546,80.1381388,15.69843577
1.79E+18,1787901907,711048960,12.6543544,80.1381388,15.71843541
1.79E+18,1787901907,961055104,12.6543529,80.1381389,15.73843241
1.79E+18,1787901908,211060480,12.6543504,80.1381392,15.71842695
1.79E+18,1787901908,461069696,12.6543468,80.1381397,15.68841886
1.79E+18,1787901908,711076864,12.654342,80.1381404,15.65840796
1.79E+18,1787901908,961083776,12.6543358,80.1381411,15.65839457
1.79E+18,1787901909,211093248,12.6543283,80.138142,15.6783782
1.79E+18,1787901909,461101696,12.6543197,80.138143,15.68835953
1.79E+18,1787901909,711110400,12.65431,80.1381439,15.69833926
1.79E+18,1787901909,961117056,12.6542993,80.1381448,15.71831722
1.79E+18,1787901910,211125760,12.6542878,80.1381456,15.7482941
1.79E+18,1787901910,461132672,12.6542754,80.1381465,15.76826905
1.79E+18,1787901910,711146496,12.6542623,80.1381472,15.77824344
1.79E+18,1787901910,961152640,12.6542486,80.138148,15.79821643
1.79E+18,1787901911,211159552,12.6542344,80.1381489,15.81818818
1.79E+18,1787901911,461163648,12.6542197,80.1381498,15.82815905
1.79E+18,1787901911,711172352,12.6542048,80.1381507,15.81812956
1.79E+18,1787901911,961182848,12.6541896,80.1381518,15.79809886
1.79E+18,1787901912,211192064,12.6541742,80.1381529,15.7780678
1.79E+18,1787901912,461201536,12.6541585,80.1381541,15.75803586
1.79E+18,1787901912,711210240,12.6541428,80.1381554,15.72800358
1.79E+18,1787901912,961215104,12.6541269,80.1381566,15.69797128
1.79E+18,1787901913,211222272,12.6541108,80.1381579,15.71793829
1.79E+18,1787901913,461230720,12.6540946,80.1381593,15.73790478
1.79E+18,1787901913,711240704,12.6540783,80.1381607,15.71787108
1.79E+18,1787901913,961248896,12.6540618,80.1381621,15.67783704
1.79E+18,1787901914,211258880,12.6540453,80.1381635,15.67780299
1.79E+18,1787901914,461266560,12.6540289,80.1381648,15.69776946
1.79E+18,1787901914,711273728,12.6540122,80.1381662,15.72773505
1.79E+18,1787901914,961281664,12.6539954,80.1381674,15.72770115
1.79E+18,1787901915,211292416,12.6539784,80.1381686,15.7076669
1.79E+18,1787901915,461299072,12.6539614,80.1381698,15.69763264
1.79E+18,1787901915,716305472,12.6539439,80.138171,15.6975975
1.79E+18,1787901915,961311872,12.653927,80.1381723,15.68756308
1.79E+18,1787901916,211317760,12.6539097,80.1381735,15.67752829
1.79E+18,1787901916,461324928,12.6538923,80.1381748,15.65749298
1.79E+18,1787901916,711339520,12.6538749,80.1381762,15.65745732
1.79E+18,1787901916,961344640,12.6538574,80.1381776,15.66742148
1.79E+18,1787901917,211348736,12.6538399,80.1381793,15.67738462
1.79E+18,1787901917,461355392,12.6538222,80.138181,15.64734739
1.79E+18,1787901917,711362816,12.6538043,80.1381827,15.60730981
1.79E+18,1787901917,961368192,12.6537866,80.1381844,15.59727258
1.79E+18,1787901918,211374592,12.6537691,80.1381865,15.64723433
1.79E+18,1787901918,461378688,12.6537525,80.1381897,15.6871939
1.79E+18,1787901918,711386112,12.6537366,80.138194,15.70715092
1.79E+18,1787901918,961392256,12.6537213,80.1381994,15.72710522
1.79E+18,1787901919,211396352,12.6537063,80.1382055,15.67705765
1.79E+18,1787901919,461405824,12.6536916,80.1382123,15.51700819
1.79E+18,1787901919,711405824,12.6536771,80.1382201,15.27695566
1.79E+18,1787901919,961417344,12.6536629,80.1382286,14.98690124
1.79E+18,1787901920,211423232,12.653649,80.1382379,14.67684461
1.79E+18,1787901920,461428096,12.6536352,80.1382475,14.39678711
1.79E+18,1787901920,711430912,12.6536213,80.1382573,14.11672875
1.79E+18,1787901920,961436800,12.6536072,80.1382671,13.85667004
1.79E+18,1787901921,211440640,12.6535927,80.138277,13.63661026
1.79E+18,1787901921,461449088,12.6535782,80.1382869,13.42655049
1.79E+18,1787901921,711456768,12.6535636,80.1382968,13.18649053
1.79E+18,1787901921,961460864,12.6535489,80.1383067,12.94643039
1.79E+18,1787901922,211465984,12.6535341,80.1383167,12.69636973
1.79E+18,1787901922,461463168,12.6535195,80.1383268,12.41630908
1.79E+18,1787901922,711467776,12.6535049,80.1383369,12.14624843
1.79E+18,1787901922,961475200,12.6534904,80.1383471,11.88618761
1.79E+18,1787901923,211480832,12.6534758,80.1383574,11.63612626
1.79E+18,1787901923,461486720,12.6534614,80.1383678,11.40606492
1.79E+18,1787901923,711488512,12.653447,80.1383783,11.15600323
1.79E+18,1787901923,961494144,12.6534325,80.1383888,10.89594137
1.79E+18,1787901924,211501312,12.653418,80.1383993,10.6558795
1.79E+18,1787901924,461510528,12.6534037,80.1384098,10.42581798
1.79E+18,1787901924,711522560,12.6533895,80.1384198,10.20575836
1.79E+18,1787901924,961529472,12.6533756,80.1384293,9.975700989
1.79E+18,1787901925,211536896,12.6533616,80.1384387,9.745643782
1.79E+18,1787901925,461542784,12.6533471,80.1384478,9.505586718
1.79E+18,1787901925,711546368,12.6533324,80.1384565,9.285530673
1.79E+18,1787901925,961556096,12.6533175,80.138465,9.065474958
1.79E+18,1787901926,211561216,12.6533026,80.1384735,8.845419241
1.79E+18,1787901926,461570688,12.6532875,80.1384821,8.595362822
1.79E+18,1787901926,711581952,12.6532725,80.1384908,8.345306235
1.79E+18,1787901926,961589376,12.6532575,80.1384996,8.075249301
1.79E+18,1787901927,211599104,12.6532427,80.1385082,7.865193408
1.79E+18,1787901927,461606016,12.6532295,80.1385157,7.715144141
1.79E+18,1787901927,711615744,12.6532179,80.1385226,7.665099781
1.79E+18,1787901927,961625216,12.6532072,80.1385287,7.665059773
1.79E+18,1787901928,211633408,12.6531975,80.1385341,7.665023949
1.79E+18,1787901928,461636736,12.6531889,80.1385387,7.654992834
1.79E+18,1787901928,711646720,12.6531814,80.1385426,7.624966081
1.79E+18,1787901928,961653120,12.653175,80.138546,7.624943004
1.79E+18,1787901929,211655168,12.6531694,80.1385489,7.62492307
1.79E+18,1787901929,461660544,12.6531647,80.1385513,7.614906456
1.79E+18,1787901929,711670016,12.6531607,80.1385533,7.604892463
1.79E+18,1787901929,961678208,12.6531575,80.138555,7.584880924
1.79E+18,1787901930,211685120,12.653155,80.1385564,7.584871661
1.79E+18,1787901930,461694848,12.6531531,80.1385575,7.594864498
1.79E+18,1787901930,711702784,12.6531516,80.1385583,7.594859078
1.79E+18,1787901930,961712000,12.6531506,80.138559,7.584854891
1.79E+18,1787901931,211720192,12.65315,80.1385595,7.594852103
1.79E+18,1787901931,461727616,12.6531498,80.1385599,7.604850371
1.79E+18,1787901931,711735040,12.6531496,80.1385602,7.624848983
1.79E+18,1787901931,961741952,12.6531495,80.1385606,7.644847428
1.79E+18,1787901932,211748864,12.6531495,80.1385609,7.634846395
1.79E+18,1787901932,461755008,12.6531493,80.1385612,7.634845007
1.79E+18,1787901932,711758336,12.6531491,80.1385614,7.614843963
1.79E+18,1787901932,961762688,12.6531488,80.1385616,7.584842741
1.79E+18,1787901933,211769344,12.6531485,80.1385618,7.57484152
1.79E+18,1787901933,461775232,12.6531483,80.138562,7.574840476
1.79E+18,1787901933,711778304,12.653148,80.1385623,7.58483891
1.79E+18,1787901933,961783680,12.6531478,80.1385625,7.574837866
1.79E+18,1787901934,211791616,12.6531477,80.1385626,7.574837344
1.79E+18,1787901934,461798528,12.6531475,80.1385627,7.594836644
1.79E+18,1787901934,711804160,12.6531474,80.1385628,7.594836122
1.79E+18,1787901934,961812352,12.6531473,80.1385628,7.614835944
1.79E+18,1787901935,211820032,12.6531472,80.1385629,7.634835422
1.79E+18,1787901935,461826432,12.6531471,80.1385629,7.654835245
1.79E+18,1787901935,711837440,12.6531469,80.138563,7.634834545
1.79E+18,1787901935,961842304,12.6531467,80.138563,7.584834189
1.79E+18,1787901936,211846656,12.6531465,80.1385631,7.53483349
1.79E+18,1787901936,461840768,12.6531464,80.1385631,7.514833312
1.79E+18,1787901936,711845888,12.6531463,80.1385631,7.504833134
1.79E+18,1787901936,961851264,12.6531463,80.1385632,7.52483279
1.79E+18,1787901937,211858688,12.6531462,80.1385632,7.534832612
1.79E+18,1787901937,461862784,12.6531461,80.1385631,7.534832779
1.79E+18,1787901937,711870976,12.6531462,80.1385631,7.534832957
